Player,Stat,Threshold,Streak Games
Harrison Barnes,FG3M,1,9
Harrison Barnes,FG3M,2,7
Miles Bridges,PTS,10,9
Miles Bridges,PTS,15,9
Miles Bridges,REB,4,9
Miles Bridges,REB,6,9
Miles Bridges,AST,2,8
Miles Bridges,FG3M,1,9
Miles Bridges,FG3M,2,8
Carlton Carrington,PTS,10,7
Carlton Carrington,REB,4,8
Carlton Carrington,AST,2,10
Carlton Carrington,AST,4,8
Carlton Carrington,FG3M,1,7
Luguentz Dort,FG3M,1,8
Kevin Durant,PTS,10,10
Kevin Durant,PTS,15,10
Kevin Durant,PTS,20,8
Kevin Durant,PTS,25,7
Kevin Durant,REB,4,8
Kevin Durant,AST,2,10
Kevin Durant,AST,4,7
Kevin Durant,FG3M,1,9
Kevin Durant,FG3M,2,9
Kevin Durant,FG3M,3,7
Dorian Finney-Smith,REB,4,8
Dorian Finney-Smith,FG3M,1,7
Keyonte George,PTS,10,8
Keyonte George,AST,2,9
Keyonte George,AST,4,8
Keyonte George,FG3M,1,8
Keyonte George,FG3M,2,8
Keyonte George,FG3M,3,7
Shai Gilgeous-Alexander,PTS,10,10
Shai Gilgeous-Alexander,PTS,15,10
Shai Gilgeous-Alexander,PTS,20,10
Shai Gilgeous-Alexander,PTS,25,8
Shai Gilgeous-Alexander,REB,4,7
Shai Gilgeous-Alexander,AST,2,10
Shai Gilgeous-Alexander,AST,4,10
Shai Gilgeous-Alexander,AST,6,8
Shai Gilgeous-Alexander,AST,8,7
Shai Gilgeous-Alexander,FG3M,1,10
Shai Gilgeous-Alexander,FG3M,2,7
Shai Gilgeous-Alexander,FG3M,3,7
Jalen Green,PTS,10,8
Jalen Green,PTS,15,7
Jalen Green,AST,2,9
Jalen Green,FG3M,1,10
Jalen Green,FG3M,2,9
Tobias Harris,PTS,10,8
Tobias Harris,FG3M,1,7
James Harden,PTS,10,10
James Harden,PTS,15,9
James Harden,REB,4,8
James Harden,AST,2,10
James Harden,AST,4,10
James Harden,AST,6,8
James Harden,FG3M,1,10
James Harden,FG3M,2,9
Jaxson Hayes,REB,4,8
De'Andre Hunter,PTS,10,8
De'Andre Hunter,REB,4,7
De'Andre Hunter,FG3M,1,7
De'Andre Hunter,FG3M,2,7
Cameron Johnson,PTS,10,10
Cameron Johnson,PTS,15,7
Cameron Johnson,REB,4,7
Cameron Johnson,AST,2,8
Cameron Johnson,FG3M,1,9
Cameron Johnson,FG3M,2,7
Johnny Juzang,FG3M,1,7
Tyus Jones,AST,2,9
Tyus Jones,FG3M,1,8
Caris LeVert,PTS,10,8
Caris LeVert,PTS,15,7
Caris LeVert,AST,2,8
Caris LeVert,FG3M,1,8
Kevon Looney,REB,4,8
Jaden McDaniels,PTS,10,10
Jaden McDaniels,PTS,15,8
Jaden McDaniels,REB,4,9
Jaden McDaniels,REB,6,9
Jaden McDaniels,AST,2,8
Jaden McDaniels,FG3M,1,9
Moses Moody,PTS,10,8
Moses Moody,FG3M,1,9
Davion Mitchell,AST,2,8
Davion Mitchell,FG3M,1,8
Aaron Nesmith,PTS,10,7
Aaron Nesmith,REB,4,7
Aaron Nesmith,FG3M,1,9
Aaron Nesmith,FG3M,2,7
Chris Paul,AST,2,10
Chris Paul,AST,4,9
Chris Paul,AST,6,8
Chris Paul,FG3M,1,9
Brandin Podziemski,REB,4,7
Brandin Podziemski,AST,2,9
Michael Porter Jr.,REB,4,7
Orlando Robinson,REB,4,8
Dennis Schröder,AST,2,9
Dennis Schröder,AST,4,8
Dennis Schröder,FG3M,1,7
Max Strus,AST,2,8
Max Strus,FG3M,1,8
Ausar Thompson,PTS,10,8
Ausar Thompson,REB,4,7
Ausar Thompson,AST,2,9
Myles Turner,PTS,10,8
Myles Turner,PTS,15,8
Myles Turner,FG3M,1,8
Myles Turner,FG3M,2,7
Kel'el Ware,REB,4,8
Kel'el Ware,REB,6,8
Aaron Wiggins,PTS,10,9
Aaron Wiggins,AST,2,7
Aaron Wiggins,FG3M,1,10
Aaron Wiggins,FG3M,2,8
Zion Williamson,PTS,10,8
Zion Williamson,PTS,15,8
Zion Williamson,PTS,20,7
Zion Williamson,REB,4,8
Zion Williamson,REB,6,7
Zion Williamson,AST,2,8
Ivica Zubac,PTS,10,10
Ivica Zubac,REB,4,10
Ivica Zubac,REB,6,10
Ivica Zubac,REB,8,9
Ivica Zubac,REB,10,8
Ivica Zubac,AST,2,7
